"Pair","Momentum","N_normal","N_mutant","Asymmetry","Uncertainty","Significance"
"E. coli","[0,1)",3176688,3177487,-0.00012574409738479,0.000396707499672104,-0.316969297249796
"B. subtilis","[0,1)",261309,262552,-0.00237276682173325,0.00138162678346489,-1.71737176068832
"P. aeruginosa","[0,1)",81986,80903,0.00664869942107816,0.00247767604640272,2.68344178034544
"S. pneumoniae","[0,1)",15807,15609,0.00630252100840336,0.00564177718485669,1.11711625643781
"M. tuberculosis","[0,1)",1812,1782,0.00834724540901502,0.0166799918086719,0.500434622796115
"S. enterica","[0,1)",34,47,-0.160493827160494,0.109670760446127,-1.46341492032721
"E. coli","[1,2)",1841077,1837800,0.000890760957759664,0.000521365385127875,1.70851572269453
"B. subtilis","[1,2)",240511,240655,-0.000299273015965384,0.00144162569585615,-0.207594118796316
"P. aeruginosa","[1,2)",108987,106087,0.0134837311808959,0.00215608838745937,6.25379333209269
"S. pneumoniae","[1,2)",23578,23201,0.00805917185061673,0.00462338893164063,1.74313084401422
"M. tuberculosis","[1,2)",3050,3021,0.00477680777466645,0.0128340855133831,0.372196972638627
"S. enterica","[1,2)",95,69,0.158536585365854,0.0770993242473208,2.05626426578392
"E. coli","[2,4)",1695264,1691529,0.00110281319230316,0.000543382201726047,2.02953499176103
"B. subtilis","[2,4)",237782,238538,-0.00158716829022506,0.00144893880707433,-1.09540049757507
"P. aeruginosa","[2,4)",122464,120312,0.00886413813556529,0.00202945797034707,4.3677367381249
"S. pneumoniae","[2,4)",28289,28106,0.00324496852557851,0.00421092409457618,0.770607223663362
"M. tuberculosis","[2,4)",4067,4102,-0.00428449014567267,0.0110639846812011,-0.387246572471532
"S. enterica","[2,4)",136,97,0.167381974248927,0.0645879403396963,2.59153602620848
"E. coli","[4,8)",1394241,1390916,0.00119382857052583,0.000599204201338837,1.99235680901166
"B. subtilis","[4,8)",205924,205591,0.000809205010752949,0.00155885967492641,0.519100611664195
"P. aeruginosa","[4,8)",111018,108848,0.00986964787643383,0.00213255287988369,4.62809057141509
"S. pneumoniae","[4,8)",26228,25820,0.00783891792191823,0.00438313284166054,1.78842809586133
"M. tuberculosis","[4,8)",3783,3893,-0.0143303804064617,0.0114126873268984,-1.25565346670688
"S. enterica","[4,8)",137,128,0.0339622641509434,0.061394073975402,0.553184728619746
"E. coli","[8,Inf)",1131427,1128052,0.00149370717762812,0.000665266049799119,2.24527792764887
"B. subtilis","[8,Inf)",215321,213702,0.0037736904548241,0.00152671024498149,2.47177908658748
"P. aeruginosa","[8,Inf)",135136,131212,0.0147326054635289,0.00193743947039493,7.60416296284385
"S. pneumoniae","[8,Inf)",34480,33508,0.0142966405836324,0.0038347713938454,3.72815980805994
"M. tuberculosis","[8,Inf)",5420,5508,-0.00805270863836018,0.00956567398392814,-0.841833900244773
"S. enterica","[8,Inf)",192,203,-0.0278481012658228,0.0502959465174964,-0.553684803528557
