"code","name","total_count","average_per_event","uncertainty"
211,"E. coli WT",92126688,19.9495,0.0327
-211,"E. coli mutant",91977542,19.9172,0.0319
321,"Bacillus subtilis WT",11587227,2.50915,0.00477
-321,"Bacillus subtilis mutant",11560946,2.50346,0.0055
130,"Unknown",11445322,2.47842,0.00562
310,"Unknown",11439337,2.47712,0.00534
2212,"Pseudomonas aeruginosa WT",5578693,1.20803,0.0019
-2212,"Pseudomonas aeruginosa antibiotic-resistant",5468447,1.18416,0.00241
3122,"Streptococcus pneumoniae",1277330,0.276599,0.00107
-3122,"Capsule-deficient S. pneumoniae",1254690,0.271696,0.000985
3212,"Unknown",706997,0.153096,0.000571
-3212,"Unknown",699030,0.151371,0.000786
3222,"Unknown",690519,0.149528,0.000639
3112,"Unknown",687899,0.148961,0.000576
-3222,"Unknown",682537,0.147799,0.000535
-3112,"Unknown",678595,0.146946,0.000555
3312,"Mycobacterium tuberculosis",182139,0.0394412,0.000284
3322,"Unknown",181098,0.0392157,0.000182
-3312,"Drug-resistant M. tuberculosis",180104,0.0390005,0.000402
-3322,"Unknown",179879,0.0389518,0.000296
-431,"Unknown",54187,0.0117339,0.000166
431,"Unknown",53935,0.0116793,0.000129
3334,"Salmonella enterica",5482,0.0011871,0.0000417
-3334,"Salmonella mutant",5318,0.00115158,0.0000508
531,"Unknown",4509,0.000976398,0.0000591
-531,"Unknown",4397,0.000952145,0.0000459
4232,"Unknown",2722,0.000589434,0.0000292
-4232,"Unknown",2709,0.000586618,0.0000299
4132,"Unknown",2670,0.000578173,0.0000356
-4132,"Unknown",2635,0.000570594,0.0000278
5132,"Unknown",257,0.0000556519,0.0000169
-5232,"Unknown",245,0.0000530534,0.0000116
5232,"Unknown",235,0.0000508879,0.0000123
-5132,"Unknown",194,0.0000420096,0.00000981
4332,"Unknown",85,0.0000184063,0.00000571
-4332,"Unknown",65,0.0000140754,0.00000759
5332,"Unknown",10,0.00000216544,0.0000025
-5332,"Unknown",7,0.00000151581,0.00000205
