"code","name","n_events","total_count","average_per_event","uncertainty","sub_sample"
211,"E. coli WT",461701,9238697,20.01,0.0065833,"output-Set1.txt"
-211,"E. coli mutant",461701,9225784,19.982,0.0065787,"output-Set1.txt"
-321,"Bacillus subtilis mutant",461701,1161038,2.5147,0.0023338,"output-Set1.txt"
321,"Bacillus subtilis WT",461701,1160847,2.5143,0.0023336,"output-Set1.txt"
310,"Unknown",461701,1148698,2.488,0.0023214,"output-Set1.txt"
130,"Unknown",461701,1148538,2.4876,0.0023212,"output-Set1.txt"
2212,"Pseudomonas aeruginosa WT",461701,559591,1.212,0.0016202,"output-Set1.txt"
-2212,"Pseudomonas aeruginosa antibiotic-resistant",461701,547362,1.1855,0.0016024,"output-Set1.txt"
3122,"Streptococcus pneumoniae",461701,128382,0.27806,0.00077605,"output-Set1.txt"
-3122,"Capsule-deficient S. pneumoniae",461701,126244,0.27343,0.00076956,"output-Set1.txt"
3212,"Unknown",461701,70933,0.15363,0.00057685,"output-Set1.txt"
-3212,"Unknown",461701,70279,0.15222,0.00057419,"output-Set1.txt"
3222,"Unknown",461701,69617,0.15078,0.00057147,"output-Set1.txt"
3112,"Unknown",461701,68923,0.14928,0.00056862,"output-Set1.txt"
-3222,"Unknown",461701,68422,0.1482,0.00056655,"output-Set1.txt"
-3112,"Unknown",461701,67974,0.14723,0.00056469,"output-Set1.txt"
-3312,"Drug-resistant M. tuberculosis",461701,18306,0.039649,0.00029305,"output-Set1.txt"
3312,"Mycobacterium tuberculosis",461701,18132,0.039272,0.00029165,"output-Set1.txt"
3322,"Unknown",461701,18112,0.039229,0.00029149,"output-Set1.txt"
-3322,"Unknown",461701,17968,0.038917,0.00029033,"output-Set1.txt"
-431,"Unknown",461701,5486,0.011882,0.00016042,"output-Set1.txt"
431,"Unknown",461701,5353,0.011594,0.00015847,"output-Set1.txt"
3334,"Salmonella enterica",461701,594,0.0012865,0.000052788,"output-Set1.txt"
-3334,"Salmonella mutant",461701,544,0.0011783,0.000050517,"output-Set1.txt"
531,"Unknown",461701,500,0.001083,0.000048431,"output-Set1.txt"
-531,"Unknown",461701,448,0.00097032,0.000045844,"output-Set1.txt"
4132,"Unknown",461701,289,0.00062595,0.00003682,"output-Set1.txt"
4232,"Unknown",461701,289,0.00062595,0.00003682,"output-Set1.txt"
-4132,"Unknown",461701,282,0.00061078,0.000036372,"output-Set1.txt"
-4232,"Unknown",461701,265,0.00057396,0.000035258,"output-Set1.txt"
5132,"Unknown",461701,27,0.000058479,0.000011254,"output-Set1.txt"
-5132,"Unknown",461701,26,0.000056314,0.000011044,"output-Set1.txt"
-5232,"Unknown",461701,22,0.00004765,0.000010159,"output-Set1.txt"
5232,"Unknown",461701,16,0.000034654,0.0000086636,"output-Set1.txt"
-4332,"Unknown",461701,14,0.000030323,0.0000081041,"output-Set1.txt"
4332,"Unknown",461701,2,0.0000043318,0.0000030631,"output-Set1.txt"
-5332,"Unknown",461701,1,0.0000021659,0.0000021659,"output-Set1.txt"
211,"E. coli WT",461835,9217281,19.958,0.0065738,"output-Set2.txt"
-211,"E. coli mutant",461835,9199992,19.921,0.0065676,"output-Set2.txt"
321,"Bacillus subtilis WT",461835,1158718,2.5089,0.0023308,"output-Set2.txt"
-321,"Bacillus subtilis mutant",461835,1156555,2.5043,0.0023286,"output-Set2.txt"
130,"Unknown",461835,1146600,2.4827,0.0023186,"output-Set2.txt"
310,"Unknown",461835,1144993,2.4792,0.0023169,"output-Set2.txt"
2212,"Pseudomonas aeruginosa WT",461835,557203,1.2065,0.0016163,"output-Set2.txt"
-2212,"Pseudomonas aeruginosa antibiotic-resistant",461835,547032,1.1845,0.0016015,"output-Set2.txt"
3122,"Streptococcus pneumoniae",461835,128195,0.27758,0.00077526,"output-Set2.txt"
-3122,"Capsule-deficient S. pneumoniae",461835,125989,0.2728,0.00076856,"output-Set2.txt"
3212,"Unknown",461835,70819,0.15334,0.00057622,"output-Set2.txt"
-3212,"Unknown",461835,70372,0.15237,0.0005744,"output-Set2.txt"
3112,"Unknown",461835,68890,0.14917,0.00056832,"output-Set2.txt"
3222,"Unknown",461835,68490,0.1483,0.00056667,"output-Set2.txt"
-3112,"Unknown",461835,68049,0.14734,0.00056484,"output-Set2.txt"
-3222,"Unknown",461835,68018,0.14728,0.00056471,"output-Set2.txt"
3322,"Unknown",461835,18221,0.039453,0.00029228,"output-Set2.txt"
3312,"Mycobacterium tuberculosis",461835,18177,0.039358,0.00029193,"output-Set2.txt"
-3312,"Drug-resistant M. tuberculosis",461835,18160,0.039321,0.00029179,"output-Set2.txt"
-3322,"Unknown",461835,18075,0.039137,0.00029111,"output-Set2.txt"
-431,"Unknown",461835,5368,0.011623,0.00015864,"output-Set2.txt"
431,"Unknown",461835,5358,0.011602,0.00015849,"output-Set2.txt"
3334,"Salmonella enterica",461835,542,0.0011736,0.00005041,"output-Set2.txt"
-3334,"Salmonella mutant",461835,518,0.0011216,0.000049281,"output-Set2.txt"
531,"Unknown",461835,425,0.00092024,0.000044638,"output-Set2.txt"
-531,"Unknown",461835,410,0.00088776,0.000043843,"output-Set2.txt"
-4232,"Unknown",461835,267,0.00057813,0.000035381,"output-Set2.txt"
4232,"Unknown",461835,262,0.0005673,0.000035048,"output-Set2.txt"
4132,"Unknown",461835,260,0.00056297,0.000034914,"output-Set2.txt"
-4132,"Unknown",461835,243,0.00052616,0.000033753,"output-Set2.txt"
5132,"Unknown",461835,38,0.00008228,0.000013348,"output-Set2.txt"
-5232,"Unknown",461835,20,0.000043306,0.0000096834,"output-Set2.txt"
5232,"Unknown",461835,17,0.00003681,0.0000089277,"output-Set2.txt"
-5132,"Unknown",461835,14,0.000030314,0.0000081017,"output-Set2.txt"
4332,"Unknown",461835,8,0.000017322,0.0000061243,"output-Set2.txt"
-4332,"Unknown",461835,3,0.0000064958,0.0000037504,"output-Set2.txt"
5332,"Unknown",461835,3,0.0000064958,0.0000037504,"output-Set2.txt"
211,"E. coli WT",461661,9201539,19.931,0.0065706,"output-Set3.txt"
-211,"E. coli mutant",461661,9187400,19.901,0.0065656,"output-Set3.txt"
321,"Bacillus subtilis WT",461661,1157517,2.5073,0.0023305,"output-Set3.txt"
-321,"Bacillus subtilis mutant",461661,1154104,2.4999,0.002327,"output-Set3.txt"
130,"Unknown",461661,1142066,2.4738,0.0023148,"output-Set3.txt"
310,"Unknown",461661,1141273,2.4721,0.002314,"output-Set3.txt"
2212,"Pseudomonas aeruginosa WT",461661,557629,1.2079,0.0016175,"output-Set3.txt"
-2212,"Pseudomonas aeruginosa antibiotic-resistant",461661,546402,1.1836,0.0016012,"output-Set3.txt"
3122,"Streptococcus pneumoniae",461661,127628,0.27645,0.00077384,"output-Set3.txt"
-3122,"Capsule-deficient S. pneumoniae",461661,125314,0.27144,0.00076679,"output-Set3.txt"
3212,"Unknown",461661,70335,0.15235,0.00057446,"output-Set3.txt"
-3212,"Unknown",461661,70054,0.15174,0.00057331,"output-Set3.txt"
3222,"Unknown",461661,69266,0.15004,0.00057008,"output-Set3.txt"
3112,"Unknown",461661,68828,0.14909,0.00056828,"output-Set3.txt"
-3222,"Unknown",461661,68377,0.14811,0.00056641,"output-Set3.txt"
-3112,"Unknown",461661,67849,0.14697,0.00056422,"output-Set3.txt"
3312,"Mycobacterium tuberculosis",461661,18365,0.03978,0.00029354,"output-Set3.txt"
-3312,"Drug-resistant M. tuberculosis",461661,18089,0.039182,0.00029133,"output-Set3.txt"
3322,"Unknown",461661,17965,0.038914,0.00029033,"output-Set3.txt"
-3322,"Unknown",461661,17903,0.03878,0.00028983,"output-Set3.txt"
431,"Unknown",461661,5495,0.011903,0.00016057,"output-Set3.txt"
-431,"Unknown",461661,5481,0.011872,0.00016036,"output-Set3.txt"
-3334,"Salmonella mutant",461661,556,0.0012043,0.000051076,"output-Set3.txt"
3334,"Salmonella enterica",461661,534,0.0011567,0.000050055,"output-Set3.txt"
-531,"Unknown",461661,450,0.00097474,0.00004595,"output-Set3.txt"
531,"Unknown",461661,430,0.00093142,0.000044917,"output-Set3.txt"
-4232,"Unknown",461661,290,0.00062817,0.000036887,"output-Set3.txt"
4232,"Unknown",461661,285,0.00061734,0.000036568,"output-Set3.txt"
4132,"Unknown",461661,283,0.000613,0.000036439,"output-Set3.txt"
-4132,"Unknown",461661,252,0.00054586,0.000034386,"output-Set3.txt"
5232,"Unknown",461661,29,0.000062817,0.000011665,"output-Set3.txt"
-5232,"Unknown",461661,24,0.000051986,0.000010612,"output-Set3.txt"
-5132,"Unknown",461661,21,0.000045488,0.0000099263,"output-Set3.txt"
5132,"Unknown",461661,14,0.000030325,0.0000081048,"output-Set3.txt"
4332,"Unknown",461661,7,0.000015163,0.0000057309,"output-Set3.txt"
-4332,"Unknown",461661,3,0.0000064983,0.0000037518,"output-Set3.txt"
5332,"Unknown",461661,1,0.0000021661,0.0000021661,"output-Set3.txt"
211,"E. coli WT",461686,9220130,19.971,0.0065769,"output-Set4.txt"
-211,"E. coli mutant",461686,9202996,19.933,0.0065708,"output-Set4.txt"
321,"Bacillus subtilis WT",461686,1159829,2.5122,0.0023327,"output-Set4.txt"
-321,"Bacillus subtilis mutant",461686,1156912,2.5058,0.0023297,"output-Set4.txt"
130,"Unknown",461686,1146637,2.4836,0.0023193,"output-Set4.txt"
310,"Unknown",461686,1144396,2.4787,0.0023171,"output-Set4.txt"
2212,"Pseudomonas aeruginosa WT",461686,558868,1.2105,0.0016192,"output-Set4.txt"
-2212,"Pseudomonas aeruginosa antibiotic-resistant",461686,548081,1.1871,0.0016035,"output-Set4.txt"
3122,"Streptococcus pneumoniae",461686,128147,0.27756,0.00077537,"output-Set4.txt"
-3122,"Capsule-deficient S. pneumoniae",461686,125397,0.27161,0.000767,"output-Set4.txt"
3212,"Unknown",461686,70891,0.15355,0.0005767,"output-Set4.txt"
-3212,"Unknown",461686,70163,0.15197,0.00057373,"output-Set4.txt"
3222,"Unknown",461686,69140,0.14976,0.00056953,"output-Set4.txt"
3112,"Unknown",461686,68737,0.14888,0.00056787,"output-Set4.txt"
-3222,"Unknown",461686,68193,0.1477,0.00056562,"output-Set4.txt"
-3112,"Unknown",461686,67531,0.14627,0.00056287,"output-Set4.txt"
3312,"Mycobacterium tuberculosis",461686,18316,0.039672,0.00029314,"output-Set4.txt"
-3322,"Unknown",461686,18048,0.039092,0.00029098,"output-Set4.txt"
3322,"Unknown",461686,18015,0.03902,0.00029072,"output-Set4.txt"
-3312,"Drug-resistant M. tuberculosis",461686,17860,0.038684,0.00028946,"output-Set4.txt"
-431,"Unknown",461686,5516,0.011948,0.00016087,"output-Set4.txt"
431,"Unknown",461686,5457,0.01182,0.00016,"output-Set4.txt"
3334,"Salmonella enterica",461686,543,0.0011761,0.000050472,"output-Set4.txt"
-3334,"Salmonella mutant",461686,520,0.0011263,0.000049392,"output-Set4.txt"
531,"Unknown",461686,445,0.00096386,0.000045691,"output-Set4.txt"
-531,"Unknown",461686,423,0.00091621,0.000044548,"output-Set4.txt"
4232,"Unknown",461686,290,0.00062813,0.000036885,"output-Set4.txt"
4132,"Unknown",461686,284,0.00061514,0.000036502,"output-Set4.txt"
-4232,"Unknown",461686,278,0.00060214,0.000036114,"output-Set4.txt"
-4132,"Unknown",461686,262,0.00056749,0.000035059,"output-Set4.txt"
5232,"Unknown",461686,32,0.000069311,0.000012253,"output-Set4.txt"
5132,"Unknown",461686,29,0.000062813,0.000011664,"output-Set4.txt"
-5132,"Unknown",461686,22,0.000047651,0.000010159,"output-Set4.txt"
-5232,"Unknown",461686,20,0.000043319,0.0000096865,"output-Set4.txt"
4332,"Unknown",461686,10,0.00002166,0.0000068494,"output-Set4.txt"
-4332,"Unknown",461686,8,0.000017328,0.0000061263,"output-Set4.txt"
-5332,"Unknown",461686,1,0.000002166,0.000002166,"output-Set4.txt"
211,"E. coli WT",461847,9198384,19.917,0.0065669,"output-Set5.txt"
-211,"E. coli mutant",461847,9183990,19.885,0.0065617,"output-Set5.txt"
321,"Bacillus subtilis WT",461847,1157714,2.5067,0.0023297,"output-Set5.txt"
-321,"Bacillus subtilis mutant",461847,1154806,2.5004,0.0023268,"output-Set5.txt"
130,"Unknown",461847,1143540,2.476,0.0023154,"output-Set5.txt"
310,"Unknown",461847,1142153,2.473,0.002314,"output-Set5.txt"
2212,"Pseudomonas aeruginosa WT",461847,557561,1.2072,0.0016168,"output-Set5.txt"
-2212,"Pseudomonas aeruginosa antibiotic-resistant",461847,545381,1.1809,0.001599,"output-Set5.txt"
3122,"Streptococcus pneumoniae",461847,127593,0.27627,0.00077342,"output-Set5.txt"
-3122,"Capsule-deficient S. pneumoniae",461847,125370,0.27145,0.00076665,"output-Set5.txt"
3212,"Unknown",461847,70665,0.15301,0.00057558,"output-Set5.txt"
-3212,"Unknown",461847,69422,0.15031,0.00057049,"output-Set5.txt"
3222,"Unknown",461847,69046,0.1495,0.00056895,"output-Set5.txt"
3112,"Unknown",461847,68842,0.14906,0.00056811,"output-Set5.txt"
-3222,"Unknown",461847,68454,0.14822,0.0005665,"output-Set5.txt"
-3112,"Unknown",461847,68283,0.14785,0.00056579,"output-Set5.txt"
3312,"Mycobacterium tuberculosis",461847,18295,0.039613,0.00029287,"output-Set5.txt"
3322,"Unknown",461847,18058,0.0391,0.00029096,"output-Set5.txt"
-3322,"Unknown",461847,17864,0.038679,0.0002894,"output-Set5.txt"
-3312,"Drug-resistant M. tuberculosis",461847,17796,0.038532,0.00028884,"output-Set5.txt"
431,"Unknown",461847,5410,0.011714,0.00015926,"output-Set5.txt"
-431,"Unknown",461847,5339,0.01156,0.00015821,"output-Set5.txt"
-3334,"Salmonella mutant",461847,571,0.0012363,0.000051739,"output-Set5.txt"
3334,"Salmonella enterica",461847,549,0.0011887,0.000050733,"output-Set5.txt"
531,"Unknown",461847,473,0.0010241,0.00004709,"output-Set5.txt"
-531,"Unknown",461847,421,0.00091156,0.000044427,"output-Set5.txt"
-4232,"Unknown",461847,295,0.00063874,0.000037189,"output-Set5.txt"
-4132,"Unknown",461847,286,0.00061925,0.000036617,"output-Set5.txt"
4232,"Unknown",461847,268,0.00058028,0.000035446,"output-Set5.txt"
4132,"Unknown",461847,263,0.00056945,0.000035114,"output-Set5.txt"
5132,"Unknown",461847,33,0.000071452,0.000012438,"output-Set5.txt"
-5232,"Unknown",461847,28,0.000060626,0.000011457,"output-Set5.txt"
-5132,"Unknown",461847,16,0.000034644,0.0000086609,"output-Set5.txt"
5232,"Unknown",461847,16,0.000034644,0.0000086609,"output-Set5.txt"
4332,"Unknown",461847,11,0.000023817,0.0000071812,"output-Set5.txt"
-4332,"Unknown",461847,6,0.000012991,0.0000053037,"output-Set5.txt"
5332,"Unknown",461847,3,0.0000064957,0.0000037503,"output-Set5.txt"
211,"E. coli WT",462025,9202451,19.918,0.0065658,"output-Set6.txt"
-211,"E. coli mutant",462025,9188286,19.887,0.0065607,"output-Set6.txt"
321,"Bacillus subtilis WT",462025,1157840,2.506,0.0023289,"output-Set6.txt"
-321,"Bacillus subtilis mutant",462025,1154914,2.4997,0.002326,"output-Set6.txt"
310,"Unknown",462025,1143296,2.4745,0.0023143,"output-Set6.txt"
130,"Unknown",462025,1142457,2.4727,0.0023134,"output-Set6.txt"
2212,"Pseudomonas aeruginosa WT",462025,558308,1.2084,0.0016172,"output-Set6.txt"
-2212,"Pseudomonas aeruginosa antibiotic-resistant",462025,545983,1.1817,0.0015993,"output-Set6.txt"
3122,"Streptococcus pneumoniae",462025,127805,0.27662,0.00077376,"output-Set6.txt"
-3122,"Capsule-deficient S. pneumoniae",462025,125603,0.27185,0.00076707,"output-Set6.txt"
3212,"Unknown",462025,70342,0.15225,0.00057404,"output-Set6.txt"
-3212,"Unknown",462025,69690,0.15084,0.00057137,"output-Set6.txt"
3222,"Unknown",462025,69077,0.14951,0.00056885,"output-Set6.txt"
3112,"Unknown",462025,68344,0.14792,0.00056583,"output-Set6.txt"
-3222,"Unknown",462025,67971,0.14712,0.00056428,"output-Set6.txt"
-3112,"Unknown",462025,67658,0.14644,0.00056298,"output-Set6.txt"
3322,"Unknown",462025,18210,0.039413,0.00029207,"output-Set6.txt"
3312,"Mycobacterium tuberculosis",462025,17967,0.038888,0.00029012,"output-Set6.txt"
-3312,"Drug-resistant M. tuberculosis",462025,17941,0.038831,0.00028991,"output-Set6.txt"
-3322,"Unknown",462025,17822,0.038574,0.00028894,"output-Set6.txt"
431,"Unknown",462025,5402,0.011692,0.00015908,"output-Set6.txt"
-431,"Unknown",462025,5386,0.011657,0.00015884,"output-Set6.txt"
-3334,"Salmonella mutant",462025,544,0.0011774,0.000050482,"output-Set6.txt"
3334,"Salmonella enterica",462025,521,0.0011276,0.000049403,"output-Set6.txt"
-531,"Unknown",462025,467,0.0010108,0.000046773,"output-Set6.txt"
531,"Unknown",462025,419,0.00090688,0.000044304,"output-Set6.txt"
4232,"Unknown",462025,280,0.00060603,0.000036217,"output-Set6.txt"
-4132,"Unknown",462025,265,0.00057356,0.000035234,"output-Set6.txt"
-4232,"Unknown",462025,262,0.00056707,0.000035034,"output-Set6.txt"
4132,"Unknown",462025,250,0.0005411,0.000034222,"output-Set6.txt"
5232,"Unknown",462025,23,0.000049781,0.00001038,"output-Set6.txt"
-5232,"Unknown",462025,22,0.000047616,0.000010152,"output-Set6.txt"
-5132,"Unknown",462025,19,0.000041123,0.0000094343,"output-Set6.txt"
5132,"Unknown",462025,19,0.000041123,0.0000094343,"output-Set6.txt"
4332,"Unknown",462025,9,0.000019479,0.0000064932,"output-Set6.txt"
-4332,"Unknown",462025,4,0.0000086575,0.0000043288,"output-Set6.txt"
211,"E. coli WT",461870,9206274,19.933,0.0065693,"output-Set7.txt"
-211,"E. coli mutant",461870,9189239,19.896,0.0065633,"output-Set7.txt"
321,"Bacillus subtilis WT",461870,1155820,2.5025,0.0023277,"output-Set7.txt"
-321,"Bacillus subtilis mutant",461870,1154695,2.5,0.0023266,"output-Set7.txt"
130,"Unknown",461870,1143664,2.4762,0.0023154,"output-Set7.txt"
310,"Unknown",461870,1143482,2.4758,0.0023152,"output-Set7.txt"
2212,"Pseudomonas aeruginosa WT",461870,557668,1.2074,0.0016168,"output-Set7.txt"
-2212,"Pseudomonas aeruginosa antibiotic-resistant",461870,546454,1.1831,0.0016005,"output-Set7.txt"
3122,"Streptococcus pneumoniae",461870,126934,0.27483,0.00077138,"output-Set7.txt"
-3122,"Capsule-deficient S. pneumoniae",461870,125233,0.27114,0.0007662,"output-Set7.txt"
3212,"Unknown",461870,70814,0.15332,0.00057616,"output-Set7.txt"
-3212,"Unknown",461870,69353,0.15016,0.00057018,"output-Set7.txt"
3222,"Unknown",461870,68993,0.14938,0.0005687,"output-Set7.txt"
3112,"Unknown",461870,68560,0.14844,0.00056691,"output-Set7.txt"
-3222,"Unknown",461870,68234,0.14773,0.00056556,"output-Set7.txt"
-3112,"Unknown",461870,67775,0.14674,0.00056366,"output-Set7.txt"
-3322,"Unknown",461870,18281,0.03958,0.00029274,"output-Set7.txt"
3322,"Unknown",461870,18154,0.039305,0.00029172,"output-Set7.txt"
3312,"Mycobacterium tuberculosis",461870,18129,0.039251,0.00029152,"output-Set7.txt"
-3312,"Drug-resistant M. tuberculosis",461870,17960,0.038885,0.00029016,"output-Set7.txt"
-431,"Unknown",461870,5347,0.011577,0.00015832,"output-Set7.txt"
431,"Unknown",461870,5288,0.011449,0.00015744,"output-Set7.txt"
3334,"Salmonella enterica",461870,550,0.0011908,0.000050776,"output-Set7.txt"
-3334,"Salmonella mutant",461870,494,0.0010696,0.000048122,"output-Set7.txt"
531,"Unknown",461870,488,0.0010566,0.000047829,"output-Set7.txt"
-531,"Unknown",461870,452,0.00097863,0.000046031,"output-Set7.txt"
-4132,"Unknown",461870,267,0.00057808,0.000035378,"output-Set7.txt"
4132,"Unknown",461870,261,0.00056509,0.000034978,"output-Set7.txt"
-4232,"Unknown",461870,254,0.00054994,0.000034506,"output-Set7.txt"
4232,"Unknown",461870,251,0.00054344,0.000034302,"output-Set7.txt"
-5232,"Unknown",461870,38,0.000082274,0.000013347,"output-Set7.txt"
5232,"Unknown",461870,27,0.000058458,0.00001125,"output-Set7.txt"
5132,"Unknown",461870,23,0.000049798,0.000010384,"output-Set7.txt"
-5132,"Unknown",461870,21,0.000045467,0.0000099218,"output-Set7.txt"
4332,"Unknown",461870,11,0.000023816,0.0000071809,"output-Set7.txt"
-4332,"Unknown",461870,9,0.000019486,0.0000064953,"output-Set7.txt"
-5332,"Unknown",461870,1,0.0000021651,0.0000021651,"output-Set7.txt"
5332,"Unknown",461870,1,0.0000021651,0.0000021651,"output-Set7.txt"
211,"E. coli WT",461891,9220806,19.963,0.0065742,"output-Set8.txt"
-211,"E. coli mutant",461891,9205166,19.929,0.0065687,"output-Set8.txt"
321,"Bacillus subtilis WT",461891,1157998,2.5071,0.0023298,"output-Set8.txt"
-321,"Bacillus subtilis mutant",461891,1156300,2.5034,0.0023281,"output-Set8.txt"
130,"Unknown",461891,1145191,2.4794,0.0023169,"output-Set8.txt"
310,"Unknown",461891,1144343,2.4775,0.002316,"output-Set8.txt"
2212,"Pseudomonas aeruginosa WT",461891,557324,1.2066,0.0016163,"output-Set8.txt"
-2212,"Pseudomonas aeruginosa antibiotic-resistant",461891,548178,1.1868,0.001603,"output-Set8.txt"
3122,"Streptococcus pneumoniae",461891,127524,0.27609,0.00077314,"output-Set8.txt"
-3122,"Capsule-deficient S. pneumoniae",461891,124995,0.27062,0.00076543,"output-Set8.txt"
3212,"Unknown",461891,70452,0.15253,0.00057465,"output-Set8.txt"
-3212,"Unknown",461891,69785,0.15109,0.00057193,"output-Set8.txt"
3222,"Unknown",461891,68997,0.14938,0.00056869,"output-Set8.txt"
3112,"Unknown",461891,68679,0.14869,0.00056738,"output-Set8.txt"
-3222,"Unknown",461891,68655,0.14864,0.00056728,"output-Set8.txt"
-3112,"Unknown",461891,67633,0.14643,0.00056304,"output-Set8.txt"
3312,"Mycobacterium tuberculosis",461891,18213,0.039431,0.00029218,"output-Set8.txt"
3322,"Unknown",461891,18050,0.039078,0.00029087,"output-Set8.txt"
-3322,"Unknown",461891,17916,0.038788,0.00028979,"output-Set8.txt"
-3312,"Drug-resistant M. tuberculosis",461891,17732,0.03839,0.0002883,"output-Set8.txt"
431,"Unknown",461891,5431,0.011758,0.00015955,"output-Set8.txt"
-431,"Unknown",461891,5327,0.011533,0.00015802,"output-Set8.txt"
3334,"Salmonella enterica",461891,556,0.0012037,0.00005105,"output-Set8.txt"
-3334,"Salmonella mutant",461891,515,0.001115,0.000049132,"output-Set8.txt"
531,"Unknown",461891,448,0.00096993,0.000045825,"output-Set8.txt"
-531,"Unknown",461891,411,0.00088982,0.000043892,"output-Set8.txt"
4232,"Unknown",461891,266,0.00057589,0.00003531,"output-Set8.txt"
-4132,"Unknown",461891,257,0.00055641,0.000034708,"output-Set8.txt"
-4232,"Unknown",461891,255,0.00055208,0.000034572,"output-Set8.txt"
4132,"Unknown",461891,254,0.00054991,0.000034505,"output-Set8.txt"
5232,"Unknown",461891,26,0.00005629,0.000011039,"output-Set8.txt"
-5232,"Unknown",461891,25,0.000054125,0.000010825,"output-Set8.txt"
5132,"Unknown",461891,15,0.000032475,0.0000083851,"output-Set8.txt"
-5132,"Unknown",461891,12,0.00002598,0.0000074998,"output-Set8.txt"
4332,"Unknown",461891,9,0.000019485,0.000006495,"output-Set8.txt"
-4332,"Unknown",461891,5,0.000010825,0.0000048411,"output-Set8.txt"
5332,"Unknown",461891,1,0.000002165,0.000002165,"output-Set8.txt"
-5332,"Unknown",461891,1,0.000002165,0.000002165,"output-Set8.txt"
211,"E. coli WT",461827,9195843,19.912,0.0065662,"output-Set9.txt"
-211,"E. coli mutant",461827,9185115,19.889,0.0065624,"output-Set9.txt"
321,"Bacillus subtilis WT",461827,1158009,2.5075,0.0023301,"output-Set9.txt"
-321,"Bacillus subtilis mutant",461827,1152903,2.4964,0.002325,"output-Set9.txt"
310,"Unknown",461827,1140667,2.4699,0.0023126,"output-Set9.txt"
130,"Unknown",461827,1140641,2.4698,0.0023126,"output-Set9.txt"
2212,"Pseudomonas aeruginosa WT",461827,556883,1.2058,0.0016159,"output-Set9.txt"
-2212,"Pseudomonas aeruginosa antibiotic-resistant",461827,545573,1.1813,0.0015994,"output-Set9.txt"
3122,"Streptococcus pneumoniae",461827,127059,0.27512,0.00077183,"output-Set9.txt"
-3122,"Capsule-deficient S. pneumoniae",461827,124773,0.27017,0.00076486,"output-Set9.txt"
3212,"Unknown",461827,70676,0.15304,0.00057565,"output-Set9.txt"
-3212,"Unknown",461827,69778,0.15109,0.00057198,"output-Set9.txt"
3222,"Unknown",461827,68834,0.14905,0.0005681,"output-Set9.txt"
3112,"Unknown",461827,68784,0.14894,0.00056789,"output-Set9.txt"
-3222,"Unknown",461827,67886,0.14699,0.00056417,"output-Set9.txt"
-3112,"Unknown",461827,67671,0.14653,0.00056328,"output-Set9.txt"
3312,"Mycobacterium tuberculosis",461827,18166,0.039335,0.00029184,"output-Set9.txt"
3322,"Unknown",461827,18130,0.039257,0.00029155,"output-Set9.txt"
-3312,"Drug-resistant M. tuberculosis",461827,18079,0.039147,0.00029114,"output-Set9.txt"
-3322,"Unknown",461827,17922,0.038807,0.00028988,"output-Set9.txt"
-431,"Unknown",461827,5418,0.011732,0.00015938,"output-Set9.txt"
431,"Unknown",461827,5362,0.01161,0.00015856,"output-Set9.txt"
3334,"Salmonella enterica",461827,555,0.0012017,0.000051011,"output-Set9.txt"
-3334,"Salmonella mutant",461827,513,0.0011108,0.000049043,"output-Set9.txt"
-531,"Unknown",461827,460,0.00099604,0.000046441,"output-Set9.txt"
531,"Unknown",461827,437,0.00094624,0.000045265,"output-Set9.txt"
-4232,"Unknown",461827,276,0.00059763,0.000035973,"output-Set9.txt"
4232,"Unknown",461827,273,0.00059113,0.000035777,"output-Set9.txt"
-4132,"Unknown",461827,259,0.00056082,0.000034847,"output-Set9.txt"
4132,"Unknown",461827,243,0.00052617,0.000033754,"output-Set9.txt"
5132,"Unknown",461827,30,0.000064959,0.00001186,"output-Set9.txt"
-5132,"Unknown",461827,25,0.000054133,0.000010827,"output-Set9.txt"
5232,"Unknown",461827,22,0.000047637,0.000010156,"output-Set9.txt"
-5232,"Unknown",461827,21,0.000045472,0.0000099227,"output-Set9.txt"
4332,"Unknown",461827,10,0.000021653,0.0000068473,"output-Set9.txt"
-4332,"Unknown",461827,4,0.0000086613,0.0000043306,"output-Set9.txt"
211,"E. coli WT",461650,9225283,19.983,0.0065793,"output-Set10.txt"
-211,"E. coli mutant",461650,9209574,19.949,0.0065737,"output-Set10.txt"
321,"Bacillus subtilis WT",461650,1162935,2.5191,0.002336,"output-Set10.txt"
-321,"Bacillus subtilis mutant",461650,1158719,2.51,0.0023317,"output-Set10.txt"
310,"Unknown",461650,1146036,2.4825,0.0023189,"output-Set10.txt"
130,"Unknown",461650,1145988,2.4824,0.0023189,"output-Set10.txt"
2212,"Pseudomonas aeruginosa WT",461650,557658,1.208,0.0016176,"output-Set10.txt"
-2212,"Pseudomonas aeruginosa antibiotic-resistant",461650,548001,1.187,0.0016035,"output-Set10.txt"
3122,"Streptococcus pneumoniae",461650,128063,0.2774,0.00077517,"output-Set10.txt"
-3122,"Capsule-deficient S. pneumoniae",461650,125772,0.27244,0.00076821,"output-Set10.txt"
3212,"Unknown",461650,71070,0.15395,0.00057747,"output-Set10.txt"
-3212,"Unknown",461650,70134,0.15192,0.00057366,"output-Set10.txt"
3112,"Unknown",461650,69312,0.15014,0.00057028,"output-Set10.txt"
3222,"Unknown",461650,69059,0.14959,0.00056924,"output-Set10.txt"
-3222,"Unknown",461650,68327,0.14801,0.00056622,"output-Set10.txt"
-3112,"Unknown",461650,68172,0.14767,0.00056557,"output-Set10.txt"
3312,"Mycobacterium tuberculosis",461650,18379,0.039812,0.00029366,"output-Set10.txt"
3322,"Unknown",461650,18183,0.039387,0.00029209,"output-Set10.txt"
-3312,"Drug-resistant M. tuberculosis",461650,18181,0.039383,0.00029208,"output-Set10.txt"
-3322,"Unknown",461650,18080,0.039164,0.00029126,"output-Set10.txt"
-431,"Unknown",461650,5519,0.011955,0.00016092,"output-Set10.txt"
431,"Unknown",461650,5379,0.011652,0.00015887,"output-Set10.txt"
-3334,"Salmonella mutant",461650,543,0.0011762,0.000050476,"output-Set10.txt"
3334,"Salmonella enterica",461650,538,0.0011654,0.000050243,"output-Set10.txt"
-531,"Unknown",461650,455,0.0009856,0.000046205,"output-Set10.txt"
531,"Unknown",461650,444,0.00096177,0.000045643,"output-Set10.txt"
4132,"Unknown",461650,283,0.00061302,0.00003644,"output-Set10.txt"
-4232,"Unknown",461650,267,0.00057836,0.000035395,"output-Set10.txt"
-4132,"Unknown",461650,262,0.00056753,0.000035062,"output-Set10.txt"
4232,"Unknown",461650,258,0.00055886,0.000034793,"output-Set10.txt"
5132,"Unknown",461650,29,0.000062818,0.000011665,"output-Set10.txt"
5232,"Unknown",461650,27,0.000058486,0.000011256,"output-Set10.txt"
-5232,"Unknown",461650,25,0.000054154,0.000010831,"output-Set10.txt"
-5132,"Unknown",461650,18,0.000038991,0.0000091902,"output-Set10.txt"
-4332,"Unknown",461650,9,0.000019495,0.0000064984,"output-Set10.txt"
4332,"Unknown",461650,8,0.000017329,0.0000061268,"output-Set10.txt"
-5332,"Unknown",461650,3,0.0000064984,0.0000037519,"output-Set10.txt"
5332,"Unknown",461650,1,0.0000021661,0.0000021661,"output-Set10.txt"
