"code","name","partner_name","biology_strain","avg_code","avg_minus_code","difference","uncertainty","n_sigma","asymmetry_percent","asymmetry_uncertainty_percent","significant"
211,"E. coli WT","E. coli mutant",TRUE,19.9495,19.9172,0.0323,0.00452,7.15,0.081,0.011,TRUE
321,"Bacillus subtilis WT","Bacillus subtilis mutant",TRUE,2.50915,2.50346,0.00569,0.00329,1.73,0.114,0.066,FALSE
2212,"Pseudomonas aeruginosa WT","Pseudomonas aeruginosa antibiotic-resistant",TRUE,1.20803,1.18416,0.02387,0.00237,10.06,0.998,0.1,TRUE
3122,"Streptococcus pneumoniae","Capsule-deficient S. pneumoniae",TRUE,0.276599,0.271696,0.004903,0.000583,8.41,0.894,0.106,TRUE
3312,"Mycobacterium tuberculosis","Drug-resistant M. tuberculosis",TRUE,0.0394412,0.0390005,0.0004407,0.000488,0.9,0.562,0.624,FALSE
3334,"Salmonella enterica","Salmonella mutant",TRUE,0.0011871,0.00115158,0.00003552,0.0000685,0.52,1.519,2.93,FALSE
3212,"Unknown","Unknown",FALSE,0.153096,0.151371,0.001725,0.000764,2.26,0.567,0.252,FALSE
3222,"Unknown","Unknown",FALSE,0.149528,0.147799,0.001729,0.00059,2.93,0.582,0.198,FALSE
3112,"Unknown","Unknown",FALSE,0.148961,0.146946,0.002015,0.000455,4.43,0.681,0.153,TRUE
3322,"Unknown","Unknown",FALSE,0.0392157,0.0389518,0.0002639,0.000301,0.88,0.338,0.386,FALSE
431,"Unknown","Unknown",FALSE,0.0116793,0.0117339,-0.0000546,0.000173,0.32,-0.233,0.738,FALSE
531,"Unknown","Unknown",FALSE,0.000976398,0.000952145,0.00002425,0.0000753,0.32,1.258,3.862,FALSE
4232,"Unknown","Unknown",FALSE,0.000589434,0.000586618,0.000002816,0.0000325,0.09,0.239,2.716,FALSE
4132,"Unknown","Unknown",FALSE,0.000578173,0.000570594,0.000007579,0.0000406,0.19,0.66,3.519,FALSE
5132,"Unknown","Unknown",FALSE,0.0000556519,0.0000420096,0.00001364,0.0000195,0.7,13.969,18.701,FALSE
5232,"Unknown","Unknown",FALSE,0.0000508879,0.0000530534,-0.000002166,0.0000157,0.14,-2.083,14.652,FALSE
4332,"Unknown","Unknown",FALSE,0.0000184063,0.0000140754,0.000004331,0.0000116,0.37,13.333,36.247,FALSE
5332,"Unknown","Unknown",FALSE,0.00000216544,0.00000151581,0.0000006496,0.00000354,0.18,17.647,86.344,FALSE
